ANO,NIVEL,CODMUNRES,TO,TORC,TORCR,TO_NN,TO_N,TO_CB_I,TO_CB_N,TO_CB_C,TO_CB_R,TO_CB_O,TO_M,TO_F,TO_F_IF,TO_FT,TO_NT,TO_NT_P,TO_NT_T,TO_PNT,TO_MT_G,TONT_B,TONT_PT,TONT_A,TONT_PD,TONT_I,TO_MT,TO_MT_DG,TO_MT_PT,TO_MT_AB,TO_MT_42,TO_MT_43,TO_MT_P,TO_MT_P_I,TO_MT_P_ES,TO_MT_P_EFI,TO_MT_P_EFII,TO_MT_P_EM,TO_MT_P_ESI,TO_MT_P_ESC
2015,UF,33,132714,0,0,13263,119451,7645,22073,38313,16866,34554,0,0,0,0,1986,1421,565,989,49,741,84,4,985,2,165,49,6,8,102,0,165,164,0,73,73,9,0,0
2015,MUNICIPIO,330000,1227,0,0,495,732,67,27,187,114,337,0,0,0,0,4,4,0,4,0,3,0,0,0,0,0,0,0,0,0,0,0,0,0,0,0,0,0,0
2015,MUNICIPIO,330010,1028,0,0,179,849,33,168,286,114,248,0,0,0,0,23,14,9,7,0,13,1,0,5,1,0,0,0,0,0,0,0,0,0,0,0,0,0,0
2015,MUNICIPIO,330015,88,0,0,11,77,2,12,32,4,27,0,0,0,0,2,1,1,0,0,1,0,0,1,0,0,0,0,0,0,0,0,0,0,0,0,0,0,0
2015,MUNICIPIO,330020,1060,0,0,129,931,55,164,276,117,319,0,0,0,0,16,12,4,8,0,6,1,0,8,0,1,0,0,1,0,0,1,1,0,1,0,0,0,0
2015,MUNICIPIO,330022,89,0,0,6,83,1,17,27,13,25,0,0,0,0,3,2,1,0,0,1,0,0,2,0,0,0,0,0,0,0,0,0,0,0,0,0,0,0
2015,MUNICIPIO,330023,215,0,0,25,190,10,45,49,26,60,0,0,0,0,4,3,1,1,0,2,0,0,2,0,0,0,0,0,0,0,0,0,0,0,0,0,0,0
2015,MUNICIPIO,330025,221,0,0,16,205,9,41,55,27,73,0,0,0,0,1,1,0,3,0,1,0,0,0,0,0,0,0,0,0,0,0,0,0,0,0,0,0,0
2015,MUNICIPIO,330030,836,0,0,59,777,26,155,301,73,222,0,0,0,0,9,6,3,1,1,2,2,0,5,0,2,1,0,0,1,0,2,2,0,2,0,0,0,0
2015,MUNICIPIO,330040,1367,0,0,119,1248,62,236,408,147,395,0,0,0,0,14,9,5,6,0,5,0,0,7,0,1,0,0,0,1,0,1,1,0,0,1,0,0,0
2015,MUNICIPIO,330045,3318,0,0,363,2955,195,429,989,387,955,0,0,0,0,66,45,21,39,0,14,4,0,43,1,2,0,0,0,2,0,2,2,0,0,2,0,0,0
2015,MUNICIPIO,330050,195,0,0,13,182,6,36,63,21,56,0,0,0,0,3,2,1,0,0,2,0,0,1,0,0,0,0,0,0,0,0,0,0,0,0,0,0,0
2015,MUNICIPIO,330060,311,0,0,26,285,13,38,100,40,94,0,0,0,0,5,5,0,2,0,2,0,0,3,0,0,0,0,0,0,0,0,0,0,0,0,0,0,0
2015,MUNICIPIO,330070,1402,0,0,184,1218,57,257,353,165,386,0,0,0,0,16,13,3,12,0,5,0,0,10,0,2,0,0,0,2,0,2,2,0,1,0,0,0,0
2015,MUNICIPIO,330080,391,0,0,35,356,20,47,120,56,113,0,0,0,0,5,4,1,3,0,2,0,0,3,0,0,0,0,0,0,0,0,0,0,0,0,0,0,0
2015,MUNICIPIO,330090,117,0,0,9,108,3,29,29,11,36,0,0,0,0,0,0,0,1,0,0,0,0,0,0,1,0,0,0,1,0,1,1,0,0,0,0,0,0
2015,MUNICIPIO,330093,98,0,0,11,87,1,19,29,16,22,0,0,0,0,1,1,0,1,0,0,0,0,1,0,0,0,0,0,0,0,0,0,0,0,0,0,0,0
2015,MUNICIPIO,330095,59,0,0,6,53,1,8,26,3,15,0,0,0,0,0,0,0,1,0,0,0,0,0,0,0,0,0,0,0,0,0,0,0,0,0,0,0,0
2015,MUNICIPIO,330100,3944,0,0,447,3497,206,605,925,522,1239,0,0,0,0,104,72,32,41,6,50,6,0,33,0,8,6,1,0,1,0,8,8,0,4,4,0,0,0
2015,MUNICIPIO,330110,183,0,0,20,163,6,25,67,17,48,0,0,0,0,8,7,1,3,0,3,0,0,2,0,0,0,0,0,0,0,0,0,0,0,0,0,0,0
2015,MUNICIPIO,330115,88,0,0,7,81,4,13,19,8,37,0,0,0,0,3,2,1,1,0,0,0,0,1,0,0,0,0,0,0,0,0,0,0,0,0,0,0,0
2015,MUNICIPIO,330120,139,0,0,11,128,4,27,40,18,39,0,0,0,0,3,3,0,0,1,2,0,0,1,0,1,1,0,0,0,0,1,1,0,0,1,0,0,0
2015,MUNICIPIO,330130,273,0,0,28,245,14,37,70,37,87,0,0,0,0,6,5,1,4,0,3,0,0,2,0,0,0,0,0,0,0,0,0,0,0,0,0,0,0
2015,MUNICIPIO,330140,154,0,0,23,131,4,23,35,20,49,0,0,0,0,1,1,0,1,1,1,0,0,0,0,1,1,0,0,0,0,1,1,0,0,1,0,0,0
2015,MUNICIPIO,330150,166,0,0,12,154,3,36,47,10,58,0,0,0,0,2,1,1,2,0,1,0,0,1,0,0,0,0,0,0,0,0,0,0,0,0,0,0,0
2015,MUNICIPIO,330160,70,0,0,9,61,2,13,18,9,19,0,0,0,0,0,0,0,0,0,0,0,0,0,0,0,0,0,0,0,0,0,0,0,0,0,0,0,0
2015,MUNICIPIO,330170,6281,0,0,639,5642,373,902,1924,822,1621,0,0,0,0,126,90,36,59,5,35,4,0,85,0,15,5,0,1,9,0,15,15,0,5,9,1,0,0
2015,MUNICIPIO,330180,132,0,0,7,125,4,10,46,21,44,0,0,0,0,2,1,1,0,0,1,0,0,1,0,0,0,0,0,0,0,0,0,0,0,0,0,0,0
2015,MUNICIPIO,330185,379,0,0,45,334,18,58,107,42,109,0,0,0,0,3,3,0,1,0,1,0,0,2,0,1,0,0,0,1,0,1,1,0,0,1,0,0,0
2015,MUNICIPIO,330187,216,0,0,19,197,10,31,69,21,66,0,0,0,0,2,1,1,1,0,0,0,0,2,0,0,0,0,0,0,0,0,0,0,0,0,0,0,0
2015,MUNICIPIO,330190,1665,0,0,194,1471,99,216,435,153,568,0,0,0,0,28,23,5,14,1,9,3,0,12,0,4,1,0,0,3,0,4,4,0,1,2,0,0,0
2015,MUNICIPIO,330200,901,0,0,132,769,57,129,277,103,203,0,0,0,0,24,21,3,4,0,12,0,0,12,0,0,0,0,0,0,0,0,0,0,0,0,0,0,0
2015,MUNICIPIO,330205,100,0,0,10,90,3,25,24,19,19,0,0,0,0,0,0,0,0,0,0,0,0,0,0,0,0,0,0,0,0,0,0,0,0,0,0,0,0
2015,MUNICIPIO,330210,243,0,0,27,216,9,34,73,34,66,0,0,0,0,3,1,2,2,0,2,0,0,1,0,0,0,0,0,0,0,0,0,0,0,0,0,0,0
2015,MUNICIPIO,330220,789,0,0,71,718,43,134,227,121,193,0,0,0,0,11,8,3,0,0,3,0,0,8,0,1,0,0,0,1,0,1,1,0,0,1,0,0,0
2015,MUNICIPIO,330225,177,0,0,21,156,10,33,45,21,47,0,0,0,0,1,1,0,0,0,0,0,0,1,0,0,0,0,0,0,0,0,0,0,0,0,0,0,0
2015,MUNICIPIO,330227,701,0,0,100,601,28,74,211,80,208,0,0,0,0,16,13,3,11,0,1,0,0,13,0,1,0,0,1,0,0,1,1,0,0,1,0,0,0
2015,MUNICIPIO,330230,76,0,0,8,68,1,14,33,8,12,0,0,0,0,0,0,0,0,0,0,0,0,0,0,0,0,0,0,0,0,0,0,0,0,0,0,0,0
2015,MUNICIPIO,330240,1232,0,0,220,1012,70,223,314,136,269,0,0,0,0,36,26,10,13,0,19,1,0,15,0,2,0,0,0,2,0,2,2,0,1,0,1,0,0
2015,MUNICIPIO,330245,62,0,0,4,58,5,12,25,4,12,0,0,0,0,3,3,0,0,0,0,2,0,1,0,1,0,1,0,0,0,1,1,0,0,0,0,0,0
2015,MUNICIPIO,330250,1969,0,0,208,1761,109,274,642,277,459,0,0,0,0,32,19,13,21,1,11,2,0,19,0,2,1,0,0,1,0,2,2,0,2,0,0,0,0
2015,MUNICIPIO,330260,311,0,0,36,275,9,57,76,34,99,0,0,0,0,7,6,1,2,0,2,0,0,4,0,1,0,0,0,1,0,1,1,0,0,1,0,0,0
2015,MUNICIPIO,330270,1039,0,0,128,911,44,200,292,94,281,0,0,0,0,15,10,5,7,1,7,1,0,7,0,1,1,0,0,0,0,1,1,0,1,0,0,0,0
2015,MUNICIPIO,330280,171,0,0,15,156,2,36,58,19,41,0,0,0,0,1,1,0,0,0,1,0,0,0,0,0,0,0,0,0,0,0,0,0,0,0,0,0,0
2015,MUNICIPIO,330285,1400,0,0,145,1255,66,193,451,189,356,0,0,0,0,26,15,11,21,1,7,2,0,17,0,2,1,0,0,1,0,2,2,0,2,0,0,0,0
2015,MUNICIPIO,330290,221,0,0,15,206,3,48,62,15,78,0,0,0,0,5,4,1,3,0,1,1,0,2,0,0,0,0,0,0,0,0,0,0,0,0,0,0,0
2015,MUNICIPIO,330300,249,0,0,22,227,16,37,50,30,94,0,0,0,0,5,4,1,0,0,2,1,0,0,0,0,0,0,0,0,0,0,0,0,0,0,0,0,0
2015,MUNICIPIO,330310,154,0,0,7,147,3,26,49,25,44,0,0,0,0,1,1,0,1,0,1,0,0,0,0,0,0,0,0,0,0,0,0,0,0,0,0,0,0
2015,MUNICIPIO,330320,1486,0,0,158,1328,85,195,474,186,388,0,0,0,0,20,11,9,7,0,7,1,0,12,0,0,0,0,0,0,0,0,0,0,0,0,0,0,0
2015,MUNICIPIO,330330,4401,0,0,410,3991,251,836,1108,636,1160,0,0,0,0,38,27,11,25,0,16,2,0,17,0,1,0,1,0,0,0,1,1,0,1,0,0,0,0
2015,MUNICIPIO,330340,1563,0,0,133,1430,66,283,465,229,387,0,0,0,0,10,7,3,6,0,4,3,0,2,0,0,0,0,0,0,0,0,0,0,0,0,0,0,0
2015,MUNICIPIO,330350,6286,0,0,673,5613,379,887,1966,710,1671,0,0,0,0,117,88,29,51,3,33,2,2,75,0,6,3,0,0,3,0,6,6,0,4,2,0,0,0
2015,MUNICIPIO,330360,413,0,0,39,374,13,59,157,45,100,0,0,0,0,2,1,1,2,0,0,0,0,2,0,0,0,0,0,0,0,0,0,0,0,0,0,0,0
2015,MUNICIPIO,330370,306,0,0,24,282,9,51,119,29,74,0,0,0,0,6,3,3,3,0,2,0,0,4,0,0,0,0,0,0,0,0,0,0,0,0,0,0,0
2015,MUNICIPIO,330380,239,0,0,46,193,16,32,64,34,47,0,0,0,0,6,5,1,4,0,3,0,0,3,0,0,0,0,0,0,0,0,0,0,0,0,0,0,0
2015,MUNICIPIO,330385,221,0,0,13,208,9,32,77,30,60,0,0,0,0,1,1,0,2,0,0,0,0,1,0,0,0,0,0,0,0,0,0,0,0,0,0,0,0
2015,MUNICIPIO,330390,2618,0,0,230,2388,55,486,831,320,696,0,0,0,0,45,32,13,15,0,28,1,0,16,0,0,0,0,0,0,0,0,0,0,0,0,0,0,0
2015,MUNICIPIO,330395,163,0,0,13,150,12,33,43,12,50,0,0,0,0,2,1,1,3,0,0,0,0,2,0,0,0,0,0,0,0,0,0,0,0,0,0,0,0
2015,MUNICIPIO,330400,188,0,0,19,169,10,40,60,12,47,0,0,0,0,3,2,1,0,0,1,0,0,1,0,1,0,0,0,1,0,1,1,0,0,1,0,0,0
2015,MUNICIPIO,330410,137,0,0,10,127,3,24,34,17,49,0,0,0,0,3,2,1,0,0,0,0,0,3,0,1,0,0,0,1,0,1,1,0,0,1,0,0,0
2015,MUNICIPIO,330411,141,0,0,16,125,6,25,42,14,38,0,0,0,0,3,2,1,0,0,2,0,0,1,0,0,0,0,0,0,0,0,0,0,0,0,0,0,0
2015,MUNICIPIO,330412,96,0,0,7,89,7,17,35,6,24,0,0,0,0,0,0,0,0,0,0,0,0,0,0,0,0,0,0,0,0,0,0,0,0,0,0,0,0
2015,MUNICIPIO,330414,1119,0,0,144,975,47,137,307,155,329,0,0,0,0,14,9,5,19,1,0,0,0,14,0,5,1,1,0,3,0,5,5,0,2,3,0,0,0
2015,MUNICIPIO,330415,131,0,0,15,116,6,25,40,12,33,0,0,0,0,3,3,0,1,0,1,0,0,2,0,0,0,0,0,0,0,0,0,0,0,0,0,0,0
2015,MUNICIPIO,330420,876,0,0,99,777,38,161,261,119,198,0,0,0,0,10,5,5,6,0,7,1,0,2,0,0,0,0,0,0,0,0,0,0,0,0,0,0,0
2015,MUNICIPIO,330430,424,0,0,44,380,24,80,117,36,123,0,0,0,0,5,4,1,1,0,1,0,0,4,0,0,0,0,0,0,0,0,0,0,0,0,0,0,0
2015,MUNICIPIO,330440,130,0,0,12,118,5,13,52,11,37,0,0,0,0,2,1,1,0,0,2,0,0,0,0,0,0,0,0,0,0,0,0,0,0,0,0,0,0
2015,MUNICIPIO,330450,86,0,0,5,81,4,21,25,8,23,0,0,0,0,1,1,0,0,0,1,0,0,0,0,0,0,0,0,0,0,0,0,0,0,0,0,0,0
2015,MUNICIPIO,330452,736,0,0,120,616,38,109,214,66,189,0,0,0,0,15,12,3,5,0,7,2,0,4,0,2,0,0,0,2,0,2,2,0,1,0,1,0,0
2015,MUNICIPIO,330455,55046,0,0,4642,50404,3716,9942,15812,7556,13378,0,0,0,0,717,517,200,378,21,254,27,2,353,0,75,21,0,4,50,0,75,74,0,36,31,6,0,0
2015,MUNICIPIO,330460,63,0,0,7,56,1,15,18,4,18,0,0,0,0,1,0,1,0,0,0,0,0,1,0,0,0,0,0,0,0,0,0,0,0,0,0,0,0
2015,MUNICIPIO,330470,368,0,0,42,326,17,54,107,56,92,0,0,0,0,4,3,1,1,0,1,1,0,2,0,2,0,2,0,0,0,2,2,0,0,1,0,0,0
2015,MUNICIPIO,330475,290,0,0,52,238,13,37,67,30,91,0,0,0,0,4,3,1,2,0,4,0,0,0,0,1,0,0,0,1,0,1,1,0,1,0,0,0,0
2015,MUNICIPIO,330480,318,0,0,39,279,16,51,87,36,89,0,0,0,0,4,4,0,1,0,2,0,0,2,0,0,0,0,0,0,0,0,0,0,0,0,0,0,0
2015,MUNICIPIO,330490,7543,0,0,823,6720,379,1267,2275,877,1922,0,0,0,0,92,64,28,58,2,47,2,0,29,0,9,2,0,0,7,0,9,9,0,4,4,0,0,0
2015,MUNICIPIO,330500,331,0,0,51,280,18,48,66,45,103,0,0,0,0,6,5,1,5,0,4,0,0,2,0,0,0,0,0,0,0,0,0,0,0,0,0,0,0
2015,MUNICIPIO,330510,3733,0,0,359,3374,232,552,1072,414,1104,0,0,0,0,79,51,28,36,1,27,3,0,42,0,4,1,0,0,3,0,4,4,0,1,3,0,0,0
2015,MUNICIPIO,330513,49,0,0,1,48,2,7,7,10,22,0,0,0,0,0,0,0,1,0,0,0,0,0,0,0,0,0,0,0,0,0,0,0,0,0,0,0,0
2015,MUNICIPIO,330515,158,0,0,12,146,2,24,56,16,48,0,0,0,0,3,1,2,0,0,3,0,0,0,0,0,0,0,0,0,0,0,0,0,0,0,0,0,0
2015,MUNICIPIO,330520,615,0,0,70,545,20,84,195,77,169,0,0,0,0,15,11,4,6,0,4,1,0,8,0,0,0,0,0,0,0,0,0,0,0,0,0,0,0
2015,MUNICIPIO,330530,67,0,0,10,57,2,12,14,10,19,0,0,0,0,0,0,0,0,0,0,0,0,0,0,0,0,0,0,0,0,0,0,0,0,0,0,0,0
2015,MUNICIPIO,330540,144,0,0,19,125,4,24,44,16,37,0,0,0,0,3,2,1,2,0,0,1,0,2,0,1,0,0,1,0,0,1,1,0,1,0,0,0,0
2015,MUNICIPIO,330550,617,0,0,63,554,41,115,149,64,185,0,0,0,0,17,9,8,7,0,7,0,0,10,0,0,0,0,0,0,0,0,0,0,0,0,0,0,0
2015,MUNICIPIO,330555,578,0,0,77,501,28,78,170,54,171,0,0,0,0,9,8,1,6,0,3,0,0,4,0,2,0,0,0,2,0,2,2,0,1,1,0,0,0
2015,MUNICIPIO,330560,177,0,0,26,151,6,33,41,22,49,0,0,0,0,3,3,0,2,0,0,0,0,3,0,0,0,0,0,0,0,0,0,0,0,0,0,0,0
2015,MUNICIPIO,330570,91,0,0,9,82,1,20,27,10,24,0,0,0,0,6,4,2,1,0,0,1,0,3,0,0,0,0,0,0,0,0,0,0,0,0,0,0,0
2015,MUNICIPIO,330575,225,0,0,21,204,20,28,54,23,79,0,0,0,0,6,5,1,4,0,3,1,0,2,0,0,0,0,0,0,0,0,0,0,0,0,0,0,0
2015,MUNICIPIO,330580,1294,0,0,110,1184,64,213,397,170,340,0,0,0,0,14,10,4,9,2,9,0,0,4,0,2,2,0,0,0,0,2,2,0,0,0,0,0,0
2015,MUNICIPIO,330590,85,0,0,11,74,2,10,29,8,25,0,0,0,0,1,1,0,1,0,0,0,0,0,0,0,0,0,0,0,0,0,0,0,0,0,0,0,0
2015,MUNICIPIO,330600,608,0,0,54,554,32,95,188,62,177,0,0,0,0,15,11,4,5,0,5,2,0,8,0,0,0,0,0,0,0,0,0,0,0,0,0,0,0
2015,MUNICIPIO,330610,621,0,0,46,575,28,103,206,84,154,0,0,0,0,10,9,1,2,0,6,1,0,2,0,1,0,0,0,1,0,1,1,0,1,0,0,0,0
2015,MUNICIPIO,330615,72,0,0,5,67,2,16,23,7,19,0,0,0,0,2,2,0,0,0,2,0,0,0,0,0,0,0,0,0,0,0,0,0,0,0,0,0,0
2015,MUNICIPIO,330620,304,0,0,32,272,10,47,105,39,71,0,0,0,0,4,4,0,3,0,1,0,0,2,0,0,0,0,0,0,0,0,0,0,0,0,0,0,0
2015,MUNICIPIO,330630,2050,0,0,136,1914,120,379,572,246,597,0,0,0,0,19,13,6,8,1,10,1,0,8,0,2,1,0,0,1,0,2,2,0,0,2,0,0,0
