ANO,NIVEL,CODMUNRES,TN,TNRC,TNRCR,TGI_15,TGI_15_19,TGI_20_24,TGI_25_29,TGI_30_34,TGI_35_39,TGI_40_44,TGI_45_49,TGI_50,TGIF,IM_P25,IM_P50,IM_P75,IM_MD,IM_DP,EM_S,EM_FI,EM_FII,EM_M,EM_SI,EM_SC,TGRC_B,TGRC_PT,TGRC_A,TGRC_PD,TGRC_I,TGSC,TGCC,TGPRI,TGNPRI,TGU,TGG,TGD_22,TGD_22_27,TGD_28_31,TGD_32_36,TGD_37_41,TGD_42,TGD_PRT,TGD_AT,TGD_PST,DG_P25,DG_P50,DG_P75,DG_MD,DG_DP,TKC_NR,TKC_ID,TKC_IT,TKC_AD,TKC_MAD,TGPRG_S,TGPRG_N,TPV,TPC,TRAP_C,TRAP_P,TRAP_T,TGROB_1,TGROB_2,TGROB_3,TGROB_4,TGROB_5,TGROB_6,TGROB_7,TGROB_8,TGROB_9,TGROB_10,TNLOC_H,TNLOC_ES,TNLOC_D,TNLOC_O,TNLOC_AI,TRS_M,TRS_F,TRRC_B,TRRC_PT,TRRC_A,TRRC_PD,TRRC_I,TRP_BP,TRP_N,TRP_M,PESO_P25,PESO_P50,PESO_P75,PESO_MD,PESO_DP,TRPIG_P,TRPIG_A,TRPIG_G,TRAPG5_B,TRAPG5_N,APG5_MD,APG5_DP,TRAC,TRSAC
2015,UF,33,236960,0,10298,1849,38856,58120,55385,48637,27337,6382,361,30,235078,21,26,32,26.620289757213335,6.781544234344567,340,8601,60592,119687,11757,33331,82045,23357,615,123943,151,0,0,137241,0,231629,5095,86,1275,2532,22007,200452,5347,25898,200449,5347,38,39,40,38.40843094771552,2.2139385434576515,2266,49074,13821,16628,141523,61748,175212,92978,143770,218986,7689,577,0,0,0,0,0,0,0,0,0,20830,235093,848,728,285,0,120905,116027,82047,23358,615,123947,151,21474,203464,12017,2885,3200,3515,3170.1496064653625,566.2664809010233,0,0,0,2656,225513,9.18860581411147,0.8375813086065621,1667,228925
2015,MUNICIPIO,330000,14,0,3,1,2,1,6,2,0,0,0,0,11,22.25,26,27.25,24.25,5.327885475154626,1,3,1,5,0,0,3,1,0,7,0,0,0,8,0,13,0,0,0,0,5,7,1,5,7,1,35,37,39,37.07692307692308,2.7827306272059005,3,2,0,1,3,12,2,7,6,11,2,0,0,0,0,0,0,0,0,0,0,4,12,0,0,2,0,9,5,3,1,0,7,0,5,9,0,2405,2730,3107.5,2690.3571428571427,757.4031146106927,0,0,0,1,11,8.666666666666666,1.0730867399773196,0,14
2015,MUNICIPIO,330010,2872,0,162,22,485,765,658,578,286,73,5,0,2850,21,26,31,26.313022284122564,6.676575524454298,11,137,924,1474,97,225,1296,219,5,1295,16,0,0,1754,0,2794,68,0,11,34,301,2467,19,346,2467,19,37,39,39,38.208333333333336,2.0229243701093687,10,597,203,214,1698,194,2678,1012,1840,2744,92,7,0,0,0,0,0,0,0,0,0,299,2844,4,14,10,0,1475,1397,1296,219,5,1295,16,260,2470,142,2900,3210,3530,3177.2531337047353,558.4868330213671,0,0,0,17,2829,8.95818692902319,0.7508692665032825,19,2834
2015,MUNICIPIO,330015,139,0,11,1,25,32,34,34,9,3,0,1,137,21,27,31,26.41007194244604,6.761799080598371,0,3,29,82,0,25,87,14,0,35,0,0,0,80,0,135,4,0,4,4,14,108,9,22,108,9,37.5,39,40,38.007194244604314,3.384740700101436,0,26,9,9,88,43,96,3,136,133,3,2,0,0,0,0,0,0,0,0,0,18,139,0,0,0,0,71,68,87,14,0,35,0,10,124,5,2952.5,3220,3480,3177.3741007194244,581.6030230542272,0,0,0,4,133,9.664233576642335,0.9177768236243311,3,133
2015,MUNICIPIO,330020,1722,0,24,11,327,483,402,312,155,29,2,1,1710,20,25,31,25.74506387921022,6.544847432578634,2,114,531,821,79,153,539,171,3,952,0,0,0,1054,0,1672,40,0,13,16,188,1288,80,217,1288,80,37,39,40,38.37791798107256,2.5094049268109346,5,318,303,219,671,355,1367,639,1074,1669,37,3,0,0,0,0,0,0,0,0,0,184,1715,3,3,1,0,877,845,539,171,3,952,0,148,1467,107,2940,3260,3565,3215.965737514518,565.6542293084376,0,0,0,9,558,9.352733686067019,0.9543033116242576,2,1698
2015,MUNICIPIO,330022,165,0,6,3,22,43,39,38,14,6,0,0,162,22,27,32,26.76969696969697,6.460597497876178,0,9,45,91,5,13,68,25,0,71,0,0,0,104,0,158,6,0,3,0,14,143,5,17,143,5,38,39,40,38.45454545454545,2.354172594162164,10,29,6,9,109,164,1,84,81,160,5,0,0,0,0,0,0,0,0,0,0,11,142,22,1,0,0,79,86,68,25,0,71,0,17,137,11,2840,3130,3425,3093.4,658.2396034953807,0,0,0,3,161,9.628048780487806,0.7525456821621096,1,163
2015,MUNICIPIO,330023,694,0,35,3,112,211,150,140,65,13,0,0,691,21,25,31,25.965417867435157,6.401340275968959,0,26,192,365,33,77,271,99,0,305,0,0,0,413,0,675,16,0,3,5,61,554,40,69,554,40,38,39,40,38.69532428355958,2.267082019713293,4,146,62,56,391,77,617,180,511,639,42,3,0,0,0,0,0,0,0,0,0,58,691,0,3,0,0,349,345,271,99,0,305,0,57,584,53,2936.25,3260,3570,3231.1383285302595,563.3399993463808,0,0,0,16,671,9.270742358078603,0.87368553612336175,2,684
2015,MUNICIPIO,330025,350,0,17,2,71,102,84,57,28,6,0,0,348,20,24.5,30,25.325714285714287,6.459676238799474,0,9,96,174,23,37,165,34,0,139,0,0,0,202,0,343,7,0,2,4,44,276,17,50,276,17,38,39,40,38.393586005830905,2.451796029368706,0,94,29,41,163,160,190,112,238,307,12,1,0,0,0,0,0,0,0,0,0,42,347,1,1,0,0,177,173,165,34,0,139,0,34,291,25,2950,3242.5,3600,3229.905714285714,594.1038853725987,0,0,0,7,243,9.092,0.9461059485403598,2,292
2015,MUNICIPIO,330030,1204,0,57,8,200,294,278,266,119,39,0,0,1196,21,26,31.25,26.52574750830565,6.727210648917931,2,39,316,661,36,144,455,241,2,473,0,0,0,693,0,1178,25,0,10,15,112,1024,17,137,1024,17,38,39,40,38.31239388794567,2.2493346602860833,15,347,72,162,567,484,720,328,876,1165,30,4,0,0,0,0,0,0,0,0,0,120,1193,2,8,1,0,577,627,455,241,2,473,0,123,1043,38,2840,3145,3455,3112.636212624585,535.9140067780983,0,0,0,20,1175,9.464435146443515,0.8906919062142188,7,1194
2015,MUNICIPIO,330040,2376,0,100,9,354,596,628,501,230,56,2,0,2367,21,26,31,26.60395622895623,6.404548476182181,2,64,578,1335,96,299,1042,275,16,983,3,0,0,1321,0,2321,53,0,8,33,224,2046,25,265,2046,25,38,38,39,38.19563356164384,2.018712828214069,3,479,128,143,1519,432,1944,688,1688,2274,76,0,0,0,0,0,0,0,0,0,0,208,2374,1,1,0,0,1201,1174,1042,275,16,983,3,212,2064,100,2865,3170,3490,3146.210437710438,553.3160333389551,0,0,0,39,2335,9.352148272957034,1.0093544861137622,23,2350
2015,MUNICIPIO,330045,7849,0,356,69,1479,2272,1896,1312,679,136,6,0,7780,20,25,30,25.50363103580074,6.452505721506204,13,308,2240,4558,299,386,1313,746,13,5711,2,0,0,4812,0,7702,139,2,41,74,636,6771,120,753,6771,120,38,39,40,38.467948717948715,2.132321297777696,150,2354,748,789,3591,5672,2177,3522,4313,7598,199,10,0,0,0,0,0,0,0,0,0,627,7822,8,9,10,0,4019,3830,1313,746,13,5711,2,696,6712,441,2890,3220,3530,3187.803541852465,569.7858758558907,0,0,0,99,7676,9.040257234726688,0.8069673036531506,54,7775
2015,MUNICIPIO,330050,365,0,6,2,53,93,106,73,31,7,0,0,363,21,26,31,26.38082191780822,6.190666883741391,0,38,136,145,10,35,235,52,0,72,0,0,0,207,0,357,6,0,2,2,20,338,1,24,338,1,38,39,39,38.58126721763085,1.830038354426958,1,71,16,40,230,93,272,50,314,325,11,1,0,0,0,0,0,0,0,0,0,14,363,1,1,0,0,189,176,235,52,0,72,0,31,324,10,2840,3090,3410,3092.0657534246575,509.6212567534237,0,0,0,6,357,9.413223140495868,0.9519049364730823,4,353
2015,MUNICIPIO,330060,516,0,26,7,91,135,120,99,53,11,0,0,509,20,26,31,25.96124031007752,6.768175788732698,2,26,127,251,31,76,249,86,0,170,0,0,0,283,0,502,14,3,4,7,41,414,30,55,414,30,38,39,40,38.44689378757515,2.7548215072648605,1,65,15,79,348,139,377,101,415,494,17,1,0,0,0,0,0,0,0,0,0,44,513,2,1,0,0,280,235,249,86,0,170,0,31,452,33,2905,3245,3571.25,3230.0717054263564,552.6336491638506,0,0,0,7,505,9.36328125,0.8375129610236388,2,512
2015,MUNICIPIO,330070,3095,0,170,21,558,845,709,584,299,78,1,0,3074,21,25,31,26.039095315024234,6.646496164836978,4,215,937,1432,174,305,1199,423,23,1387,9,0,0,1893,0,3030,54,0,7,23,326,2501,70,356,2501,70,38,39,40,38.468056030064915,2.117431093491331,8,857,216,249,1550,649,2446,1061,2026,2886,124,6,0,0,0,0,0,0,0,0,0,293,3048,32,13,2,0,1595,1500,1199,423,23,1387,9,249,2596,250,2950,3270,3595,3241.836510500808,594.230407669941,0,0,0,56,2984,9.264802631578947,0.9488105647867336,5,2913
2015,MUNICIPIO,330080,885,0,21,6,192,241,172,165,90,18,1,0,879,20,25,31,25.519774011299436,6.7910727894883625,3,59,298,427,26,59,286,54,3,501,2,0,0,491,0,866,17,1,4,9,65,734,34,79,734,34,38,39,40,38.56670602125148,2.309908022126583,3,188,73,126,407,234,651,189,693,523,45,1,0,0,0,0,0,0,0,0,0,43,883,2,0,0,0,446,438,286,54,3,501,2,61,765,59,2970,3250,3550,3245.9197740112995,514.520926960694,0,0,0,6,875,9.296254256526675,0.8405069080934934,2,874
2015,MUNICIPIO,330090,158,0,10,0,28,37,39,37,15,2,0,0,158,21,26,31,26.234177215189874,6.325731217287286,0,12,32,77,12,24,85,22,0,40,0,0,0,85,0,158,0,0,1,0,21,122,6,22,122,6,38,38,39,38.14666666666667,2.1090621557303098,1,26,7,11,91,83,75,2,153,153,4,0,0,0,0,0,0,0,0,0,0,21,158,0,0,0,0,94,64,85,22,0,40,0,11,141,6,2975,3265,3575,3251.5696202531644,457.9572250362606,0,0,0,2,151,9.287581699346406,0.8002730012345711,2,156
2015,MUNICIPIO,330093,186,0,5,1,35,52,49,36,12,1,0,0,185,20,25,30,25.188172043010752,5.732983742036726,0,4,52,104,8,16,48,18,0,107,0,0,0,105,0,182,4,0,0,2,8,171,0,10,171,0,38,39,39,38.49723756906077,1.5692330376909365,1,36,9,16,97,186,0,49,137,169,8,0,0,0,0,0,0,0,0,0,0,9,185,0,0,1,0,106,80,48,18,0,107,0,6,169,11,2900,3200,3500,3212.1021505376343,468.82083859194324,0,0,0,1,176,9.35593220338983,0.7781690018096994,0,150
2015,MUNICIPIO,330095,117,0,3,0,16,26,30,19,21,4,1,0,117,21,28,33,27.803418803418804,7.3311326172974125,0,6,44,60,0,7,38,25,0,53,0,0,0,76,0,116,0,0,0,0,8,104,5,8,104,5,38,39,40,38.92307692307692,1.5982417394827773,2,24,13,7,70,116,1,64,53,115,2,0,0,0,0,0,0,0,0,0,0,7,110,6,1,0,0,51,66,38,25,0,53,0,10,103,4,2895,3255,3540,3192.4017094017095,529.2067593436273,0,0,0,0,116,9.75,0.6167939547439613,1,115
2015,MUNICIPIO,330100,8229,0,111,109,1561,2062,1930,1562,820,175,9,1,8119,20,25,31,25.918459108032568,6.754104300208182,26,500,2796,3515,298,1017,2149,367,9,2934,5,0,0,4760,0,8016,160,8,52,99,895,6057,250,1054,6057,250,38,39,40,38.2287732645021,2.465488581049427,141,1496,379,501,3866,92,8137,2840,5350,4505,383,11,0,0,0,0,0,0,0,0,0,661,8219,3,5,1,0,4215,4014,2149,367,9,2934,5,767,7082,380,2890,3210,3520,3166.057358123709,570.5650862205601,0,0,0,51,4132,8.972029643796319,0.7650494662920726,34,7863
2015,MUNICIPIO,330110,280,0,15,3,59,70,63,64,15,5,1,0,277,20,25,31,25.5,6.501722958854195,0,19,71,144,15,29,118,69,0,81,0,0,0,156,0,273,7,0,3,5,32,226,11,40,226,11,37,38,39,37.96750902527076,2.6856486418806984,0,52,6,11,200,33,247,43,237,248,7,1,0,0,0,0,0,0,0,0,0,26,280,0,0,0,0,137,143,118,69,0,81,0,36,239,5,2750,3077.5,3350,3008.0214285714287,574.7445867870028,0,0,0,7,272,9.057347670250897,0.8795895815253874,1,268
2015,MUNICIPIO,330115,149,0,0,1,25,43,41,25,11,3,0,0,148,21,25,30,25.65771812080537,6.108005172744824,0,13,37,73,5,20,57,5,0,50,0,0,0,89,0,147,2,0,2,2,8,122,2,12,122,2,38,39,39,38.11764705882353,2.4827070754839267,1,21,4,7,99,149,0,30,119,102,6,0,0,0,0,0,0,0,0,0,0,7,149,0,0,0,0,72,77,57,5,0,50,0,12,130,7,2925,3170,3455,3152.6979865771814,542.5049720123134,0,0,0,1,97,9.23469387755102,0.8097475794569292,0,147
2015,MUNICIPIO,330120,229,0,6,2,43,61,50,48,20,3,2,0,227,20,25,31,25.82532751091703,6.7482983886507375,0,11,67,114,7,30,101,65,0,63,0,0,0,129,0,219,9,0,0,2,20,204,3,22,204,3,38,39,39,38.48908296943232,1.824807977669591,2,34,7,12,171,16,213,27,202,224,3,0,0,0,0,0,0,0,0,0,0,16,228,0,1,0,0,121,108,101,65,0,63,0,16,205,8,2920,3190,3430,3170.515283842795,519.7791501175847,0,0,0,4,224,9.62719298245614,0.9693801178144584,2,227
2015,MUNICIPIO,330130,616,0,26,5,105,159,156,115,66,10,0,0,611,21,26,31,26.107142857142858,6.4423558498915465,1,21,167,332,27,65,230,69,7,284,0,0,0,382,0,605,10,0,2,5,64,453,20,71,453,20,38,39,40,38.37132352941177,2.2467462239763067,5,163,39,34,296,269,347,119,497,571,16,0,0,0,0,0,0,0,0,0,0,57,591,24,1,0,0,311,305,230,69,7,284,0,45,539,32,2930,3237.5,3581.25,3218.785714285714,554.9458916190432,0,0,0,8,603,9.433715220949264,0.9090307091860829,7,494
2015,MUNICIPIO,330140,286,0,4,5,54,92,70,39,21,5,0,0,281,20,24,29,24.825174825174827,6.090907442910362,0,14,62,169,9,24,93,38,0,135,0,0,0,181,0,277,8,0,2,0,17,254,3,18,253,3,38,39,39,38.441605839416056,1.8071547805445158,1,53,13,10,184,283,3,74,212,250,21,0,0,0,0,0,0,0,0,0,0,15,284,0,0,2,0,155,131,95,38,0,136,0,25,247,14,2852.5,3150,3500,3149.055944055944,525.4623397956238,0,0,0,6,271,9.303249097472925,1.0153300951997757,0,237
2015,MUNICIPIO,330150,243,0,9,0,49,54,49,50,34,6,1,0,243,20.5,26,32,26.703703703703702,7.058394763621433,0,8,62,129,9,31,130,59,0,49,0,0,0,133,0,234,6,1,0,1,28,168,11,30,168,11,37,39,40,38.32057416267943,2.5715917802281365,1,27,24,13,156,113,130,39,204,226,8,0,0,0,0,0,0,0,0,0,0,25,243,0,0,0,0,127,116,130,59,0,49,0,31,205,7,2800,3060,3400,3050.893004115226,567.3350243259166,0,0,0,1,238,9.334728033472803,0.8432175206125435,1,229
2015,MUNICIPIO,330160,145,0,6,0,25,37,33,29,15,6,0,0,145,22,27,32,26.744827586206895,6.763648044206646,0,13,53,62,3,13,80,27,0,36,0,0,0,90,0,143,0,0,0,0,13,125,3,13,125,3,38,38,39,38.340425531914896,1.5576070806301503,0,26,17,29,71,76,69,12,131,133,2,1,0,0,0,0,0,0,0,0,0,11,145,0,0,0,0,79,66,80,27,0,36,0,7,134,4,2860,3108,3354,3122.020689655172,453.41159662921547,0,0,0,0,143,9.615384615384615,0.5556759229181544,0,142
2015,MUNICIPIO,330170,14344,0,652,144,2837,3813,3293,2555,1390,300,11,1,14199,20,25,31,25.723159509202453,6.713235868796383,19,665,4397,7616,542,1007,3341,2226,41,8630,12,0,0,8557,0,14096,246,4,74,149,1153,12760,162,1380,12760,162,38,39,40,38.44735002097609,2.0545980021767183,500,4306,1160,1215,6871,4828,9516,7268,7067,13802,433,20,0,0,0,0,0,0,0,0,0,1147,14268,14,40,22,0,7320,7024,3341,2226,41,8630,12,1258,12336,750,2880,3205,3520,3173.4897518126045,565.4891797768045,0,0,0,165,14110,9.039719789842382,0.747068385559697,131,14168
2015,MUNICIPIO,330180,143,0,6,1,23,30,42,34,11,2,0,0,142,22.5,27,31,26.41958041958042,6.077449181614509,0,6,24,95,7,11,60,11,0,70,1,0,0,76,0,139,4,0,1,1,16,123,1,18,123,1,38,38,39,38.232394366197184,2.089030767006544,0,27,6,8,88,142,1,40,103,141,2,0,0,0,0,0,0,0,0,0,0,14,142,0,1,0,0,69,74,60,11,0,70,1,13,129,1,2825,3115,3407.5,3099.6853146853146,463.43146658318585,0,0,0,3,140,9.258741258741258,0.8616499625332875,1,142
2015,MUNICIPIO,330185,733,0,17,6,116,224,166,130,74,17,0,0,727,21,25,31,25.939972714870397,6.531905595585182,1,41,218,384,23,50,232,144,4,284,0,0,0,458,0,720,12,0,0,7,54,547,16,61,547,16,38,39,40,38.58173076923077,1.9421123888513105,7,157,45,46,352,352,381,276,454,544,16,1,0,0,0,0,0,0,0,0,0,38,731,0,0,2,0,356,377,232,144,4,284,0,57,635,41,2955,3250,3570,3236.024556616644,533.1628939895352,0,0,0,11,718,9.356652949245541,0.9118196946157884,4,713
2015,MUNICIPIO,330187,320,0,19,6,57,81,78,59,31,8,0,0,314,20,25,31,25.865625,6.844264439733691,0,10,90,173,25,22,114,43,3,148,1,0,0,180,0,313,6,1,3,3,35,248,25,42,248,25,38,39,40,38.60634920634921,2.852637231936375,0,78,17,27,179,320,0,155,165,302,14,0,0,0,0,0,0,0,0,0,0,38,319,0,1,0,0,167,153,114,43,3,148,1,30,271,19,2973.75,3230,3590,3212.734375,604.6508213362113,0,0,0,8,284,9.273972602739725,1.0018577105053614,2,315
2015,MUNICIPIO,330190,3449,0,114,24,641,951,861,582,328,60,2,0,3425,20,25,30,25.715569730356624,6.460615419347981,8,154,1141,1758,120,254,890,215,3,2301,2,0,0,2054,0,3369,77,0,13,16,235,3105,51,264,3105,51,38,39,40,38.68011695906433,1.8593453792436005,19,688,236,364,2071,2178,1271,1282,2166,3371,54,3,0,0,0,0,0,0,0,0,0,221,3429,7,8,5,0,1758,1690,890,215,3,2301,2,277,2989,182,2900,3207.5,3530,3193.0449535962875,548.8978079812947,0,0,0,43,3383,9.221833041447752,0.8637732347218294,28,3407
2015,MUNICIPIO,330200,1917,0,109,15,364,535,466,356,148,31,2,0,1902,20,25,30,25.557642149191445,6.450100763989111,9,94,523,1100,76,106,561,181,14,1145,3,0,0,1170,0,1884,32,2,16,18,185,1608,68,221,1608,68,38,39,40,38.46389035318925,2.4649201775396543,23,525,190,179,846,1080,837,751,1165,1779,69,16,0,0,0,0,0,0,0,0,0,192,1911,1,5,0,0,967,950,561,181,14,1145,3,158,1656,103,2910,3215,3550,3192.278038601982,579.6073993423059,0,0,0,23,1887,9.119895287958116,0.7860571182271384,11,1884
2015,MUNICIPIO,330205,177,0,3,0,28,45,46,37,17,4,0,0,177,22,26,31,26.576271186440678,6.313414802743014,0,2,40,104,5,26,124,13,0,38,0,0,0,93,0,176,1,0,0,1,8,168,0,9,168,0,38,39,39,38.36158192090395,1.1353282391363213,3,22,2,20,125,177,0,4,173,172,4,0,0,0,0,0,0,0,0,0,0,9,176,0,0,1,0,99,78,124,13,0,38,0,11,160,6,2880,3150,3420,3164.858757062147,457.0713433279625,0,0,0,1,175,9.454545454545455,0.6574251228906546,0,177
2015,MUNICIPIO,330210,313,0,12,1,50,73,91,57,30,10,1,0,312,21,26,31,26.58785942492013,6.823280723107408,0,18,92,144,10,48,203,50,1,55,0,0,0,173,0,306,7,0,0,5,21,276,5,26,276,5,38,39,39,38.40065146579805,1.7838416626688969,0,68,31,69,136,80,233,12,301,298,10,0,0,0,0,0,0,0,0,0,0,22,312,1,0,0,0,164,149,203,50,1,55,0,25,275,13,2975,3235,3510,3215.3418530351437,509.6539814804383,0,0,0,5,307,9.759615384615385,0.8542896371086531,1,300
2015,MUNICIPIO,330220,1194,0,47,10,193,309,306,249,107,20,0,0,1184,21,26,31,26.172529313232832,6.352620817441239,3,43,253,595,54,242,518,205,0,469,0,0,0,657,0,1158,36,3,8,13,89,1069,8,113,1069,8,38,39,39,38.33445378151261,2.227756586126371,3,111,67,132,864,16,1178,168,1026,1139,49,3,0,0,0,0,0,0,0,0,0,86,1190,0,4,0,0,628,566,518,205,0,469,0,108,1037,49,2869,3195,3510,3146.5896147403687,592.8963523130368,0,0,0,11,1180,9.499580184718724,0.8781903614831938,6,1187
2015,MUNICIPIO,330225,423,0,18,5,67,99,109,92,36,14,1,0,418,21,26,32,26.513002364066192,6.658864043388754,1,17,98,225,23,58,210,42,0,165,0,0,0,248,0,414,9,0,1,6,45,345,16,52,345,16,38,39,40,38.33414043583535,2.2327486542478177,1,64,24,29,251,343,80,98,325,400,17,1,0,0,0,0,0,0,0,0,0,40,422,0,1,0,0,221,202,210,42,0,165,0,35,363,25,2827.5,3140,3447.5,3125.1560283687945,569.1757108446111,0,0,0,6,417,9.170212765957446,1.105506125485487,3,420
2015,MUNICIPIO,330227,1646,0,83,20,378,512,373,233,110,20,0,0,1626,20,24,29,24.534021871202917,6.217027054410012,5,80,535,922,51,49,199,189,6,1239,0,0,0,992,0,1619,27,1,12,24,153,1372,41,190,1372,41,38,39,40,38.426699937616966,2.402419873816006,16,463,147,179,796,1635,11,843,799,1612,26,0,0,0,0,0,0,0,0,0,0,161,1626,2,11,7,0,830,816,199,189,6,1239,0,141,1416,89,2884.25,3202.5,3500,3168.5206561360874,560.8646292999875,0,0,0,19,1596,9.104024767801858,0.7360953277126216,9,1630
2015,MUNICIPIO,330230,96,0,8,2,22,32,23,13,3,1,0,0,94,19.75,23.5,28,24.0625,6.017190286784058,0,7,36,39,7,6,25,25,0,43,0,0,0,53,0,92,4,0,1,0,13,82,0,14,82,0,37,38,39,37.822916666666664,2.370852796454504,0,23,4,8,53,27,69,10,86,85,1,0,0,0,0,0,0,0,0,0,0,14,96,0,0,0,0,58,38,25,25,0,43,0,4,85,7,2995,3307.5,3550,3279.96875,503.0646385824641,0,0,0,1,95,9.791666666666666,0.6141603882180455,0,96
2015,MUNICIPIO,330240,4246,0,151,46,689,984,1130,905,406,81,5,0,4200,21,26,31,26.371172868582196,6.483012713388633,4,132,1041,2191,209,620,1695,555,6,1888,3,0,0,2493,0,4158,82,3,24,49,431,3369,144,507,3369,144,38,39,40,38.36641791044776,2.3847021374016513,12,823,228,229,2491,165,4081,1111,3131,3927,85,6,0,0,0,0,0,0,0,0,0,421,4219,13,8,4,0,2207,2039,1695,555,6,1888,3,370,3635,241,2905,3220,3540,3195.1139896373056,560.6770198360249,0,0,0,49,4178,9.360775964040691,0.8885900090444828,11,2690
2015,MUNICIPIO,330245,123,0,12,0,19,19,38,25,20,2,0,0,123,22,28,33,27.609756097560975,6.5956196919131,0,5,25,70,10,13,45,38,0,36,0,0,0,73,0,116,6,0,3,1,18,94,1,22,94,1,37,38,39,37.64102564102564,2.9840424400165,0,29,13,8,69,123,0,16,107,107,6,0,0,0,0,0,0,0,0,0,0,17,123,0,0,0,0,68,55,45,38,0,36,0,12,106,5,2850,3100,3375,3051.6260162601625,634.0891543868645,0,0,0,4,119,8.934959349593496,1.2658168968562502,1,121
2015,MUNICIPIO,330250,3644,0,107,32,668,1016,894,633,320,77,4,0,3612,20,25,30,25.746706915477496,6.538494524421682,13,172,1073,2026,106,230,1035,376,3,2194,0,0,0,2162,0,3577,67,0,14,33,210,3322,30,257,3322,30,38,39,39,38.42865059573289,1.788411012355219,32,893,265,358,1992,2233,1411,1707,1936,3468,121,5,0,0,0,0,0,0,0,0,0,211,3577,57,3,7,0,1884,1760,1035,376,3,2194,0,281,3156,207,2920,3240,3550,3208.2401207464327,553.5492117815214,0,0,0,40,3597,9.063513885070114,0.6985621513930289,33,3596
2015,MUNICIPIO,330260,529,0,24,5,105,152,116,89,48,14,0,0,524,20,25,31,25.66162570888469,6.720393967569,0,29,159,242,29,61,190,40,0,280,0,0,0,315,0,516,8,3,7,6,46,417,16,62,417,16,38,39,40,38.24848484848485,2.9394828525710848,5,159,28,25,180,255,274,154,370,471,39,0,0,0,0,0,0,0,0,0,0,51,528,0,1,0,0,289,240,190,40,0,280,0,31,456,42,2960,3250,3550,3248.648393194707,553.099884468545,0,0,0,6,520,9.38212927756654,0.859891482864609,10,452
2015,MUNICIPIO,330270,1884,0,51,10,314,423,412,445,223,51,6,0,1874,21,27,32,26.932059447983015,6.86959573173278,2,87,448,913,117,303,805,69,2,965,0,0,0,1073,0,1844,39,0,13,24,168,1494,55,205,1494,55,38,39,39,38.39338654503991,2.3702572405017275,12,347,105,114,1141,1226,658,516,1368,1794,47,2,0,0,0,0,0,0,0,0,0,174,1882,0,2,0,0,936,948,805,69,2,965,0,167,1625,92,2895,3195,3500,3159.4474522292994,572.5228762809282,0,0,0,13,1243,9.299363057324841,0.8323343501711249,9,1855
2015,MUNICIPIO,330280,220,0,11,2,42,47,59,38,28,3,1,0,218,20,26,31,26.35909090909091,6.74609029954368,0,6,53,131,8,22,89,38,0,93,0,0,0,121,0,215,5,0,0,5,22,191,2,27,191,2,38,38.5,40,38.35454545454545,2.179549463881093,0,44,10,12,135,220,0,56,164,212,7,0,0,0,0,0,0,0,0,0,0,24,219,0,0,1,0,114,106,89,38,0,93,0,21,190,9,2863.75,3157.5,3477.5,3136.640909090909,572.1359987437694,0,0,0,3,217,9.436363636363636,0.7941253794624318,2,218
2015,MUNICIPIO,330285,2639,0,140,16,470,733,607,494,255,63,1,0,2623,21,25,31,25.99166350890489,6.6027143256358976,5,75,646,1555,130,219,530,227,4,1864,2,0,0,1505,0,2591,45,0,11,27,241,2299,41,279,2299,41,38,39,40,38.480336006109205,2.112907086846226,35,653,205,221,1485,1713,926,1255,1380,2564,53,5,0,0,0,0,0,0,0,0,0,241,2627,2,10,0,0,1359,1280,530,227,4,1864,2,241,2267,131,2887,3204,3520,3172.1284577491474,572.3687733281147,0,0,0,32,2586,9.186401833460657,0.8567732128615547,15,2615
2015,MUNICIPIO,330290,301,0,14,2,46,78,60,71,37,7,0,0,299,21,26,32,26.84717607973422,6.780602259305038,1,14,81,149,11,44,136,34,0,128,0,0,0,158,0,295,6,1,2,6,49,225,15,58,225,15,37,39,40,38.04026845637584,2.921830510207962,2,42,32,20,185,92,209,114,186,261,8,3,0,0,0,0,0,0,0,0,0,50,297,0,4,0,0,158,143,136,34,0,128,0,32,260,9,2845,3140,3450,3104.3986710963454,563.0869682961015,0,0,0,9,254,9.334600760456274,1.1698423151388806,3,245
2015,MUNICIPIO,330300,354,0,22,2,68,87,86,74,26,10,1,0,352,21,25,31,26.028248587570623,6.62421463924248,0,18,95,189,11,37,130,40,1,172,0,0,0,200,0,348,6,1,1,6,44,271,17,52,271,17,37,39,40,38.120588235294115,2.7340612828512563,3,96,18,29,200,28,326,50,303,336,15,0,0,0,0,0,0,0,0,0,0,47,318,36,0,0,0,174,180,130,40,1,172,0,26,307,21,2850.5,3217.5,3525,3163.9576271186443,585.8322531188885,0,0,0,5,349,9.824858757062147,0.9019042538485255,6,340
2015,MUNICIPIO,330310,170,0,4,0,34,46,47,31,9,3,0,0,170,20,25,29.75,25.51764705882353,6.168466794641026,0,4,48,77,13,28,76,33,0,59,0,0,0,100,0,170,0,0,1,0,7,161,1,8,161,1,38,39,39,38.54117647058823,1.6961700063871403,0,36,6,14,112,52,118,27,143,163,6,1,0,0,0,0,0,0,0,0,0,7,170,0,0,0,0,100,70,76,33,0,59,0,12,150,8,2916.25,3160,3518,3185.641176470588,493.9263241406365,0,0,0,2,167,9.34319526627219,0.9388907923595047,7,162
2015,MUNICIPIO,330320,2122,0,117,16,330,505,529,431,246,64,1,0,2106,21,27,32,26.752120640904806,6.725843514684569,0,37,436,1220,146,266,602,228,0,1276,4,0,0,1217,0,2080,42,1,11,31,217,1817,23,260,1817,23,38,39,40,38.26380952380952,2.2499642180003243,18,520,173,171,1169,1085,1037,813,1308,2046,53,4,0,0,0,0,0,0,0,0,0,215,2114,2,4,1,0,1092,1029,602,228,0,1276,4,227,1788,107,2865,3180,3480,3133.5414703110273,597.9313383332302,0,0,0,25,2079,9.19819391634981,0.8723450004176941,18,2094
2015,MUNICIPIO,330330,6456,0,278,47,804,1223,1343,1698,1084,238,19,0,6409,23,29,34,28.285935563816604,6.946739539687178,9,188,1076,2486,423,2206,3202,598,18,2428,1,0,0,3387,0,6293,161,3,30,67,598,5566,129,698,5566,129,38,39,40,38.44736430470827,2.13508660710949,36,818,154,240,4836,835,5621,2012,4444,6242,136,10,0,0,0,0,0,0,0,0,0,576,6419,3,33,1,0,3254,3201,3202,598,18,2428,1,565,5612,279,2900,3205,3500,3173.950743494424,541.5204209259794,0,0,0,52,6368,9.383644859813083,0.8211341002008132,26,6340
2015,MUNICIPIO,330340,2217,0,26,13,313,500,558,480,287,59,7,0,2204,22,27,32,27.242219215155615,6.660369899849824,4,109,673,1006,107,305,1506,220,1,467,1,0,0,1241,0,2142,74,0,12,21,170,1965,38,203,1965,38,38,39,40,38.534451495920216,2.0595314270500538,11,387,135,190,1454,134,2083,623,1592,800,33,0,0,0,0,0,0,0,0,0,0,54,2207,4,6,0,0,1126,1091,1506,220,1,467,1,195,1931,91,2840,3160,3460,3134.7762742444747,542.5649934582632,0,0,0,23,2185,9.354166666666666,0.835614608929497,8,2139
2015,MUNICIPIO,330350,12550,0,645,108,2347,3520,2934,2125,1185,308,20,3,12439,20,25,31,25.777370517928286,6.666204302400734,14,481,3378,7150,542,932,2481,1287,44,8652,10,0,0,7397,0,12268,269,5,71,143,1139,10809,214,1358,10809,214,38,39,40,38.41620224537598,2.2325306357463153,121,3117,936,1151,6854,9212,3338,5880,6655,12220,235,21,0,0,0,0,0,0,0,0,0,1198,12485,8,34,23,0,6373,6173,2481,1287,44,8652,10,1178,10728,644,2870,3190,3500,3158.032749003984,574.0886758653284,0,0,0,160,12261,9.139682795266081,0.8671241058770209,66,12455
2015,MUNICIPIO,330360,558,0,28,3,108,175,141,87,34,8,2,0,555,20,24,29,25.089605734767026,6.120794780837146,1,13,120,345,27,49,158,26,2,368,0,0,0,303,0,548,9,0,4,7,56,451,13,67,451,13,38,38,39,38.09792843691149,2.3395321743607336,1,108,27,45,364,330,228,39,519,549,7,0,0,0,0,0,0,0,0,0,0,56,558,0,0,0,0,278,280,158,26,2,368,0,46,503,9,2858.5,3105,3363.75,3092.9175627240143,488.4770569869854,0,0,0,4,551,8.996396396396396,0.6215050917316466,3,555
2015,MUNICIPIO,330370,554,0,28,4,106,147,140,96,46,14,1,0,550,21,25,30.75,25.90072202166065,6.6519708035870515,2,20,166,302,13,51,232,104,0,215,1,0,0,312,0,548,5,1,3,4,65,468,13,73,468,13,38,39,40,38.35740072202166,2.3109279885460317,8,82,48,33,375,532,22,272,282,532,20,0,0,0,0,0,0,0,0,0,0,64,544,7,1,2,0,300,254,232,104,0,215,1,52,473,29,2861.25,3175,3500,3146.2292418772563,571.8784597006492,0,0,0,5,546,9.655172413793103,0.9150089503990356,4,549
2015,MUNICIPIO,330380,656,0,35,9,138,152,133,133,71,20,0,0,647,20,26,31,26.021341463414632,7.087641240243491,1,51,217,285,29,70,305,24,2,315,6,0,0,389,0,640,15,0,2,5,56,570,21,63,570,21,38,39,40,38.69724770642202,2.1023049575563344,0,95,34,29,489,120,536,236,419,639,9,1,0,0,0,0,0,0,0,0,0,55,645,5,6,0,0,337,319,305,24,2,315,6,52,562,42,2980,3265,3560,3242.8826219512193,552.5376433059213,0,0,0,6,649,9.598473282442749,0.9363525379660254,2,652
2015,MUNICIPIO,330385,389,0,26,0,84,90,98,81,28,7,1,0,389,20,26,30,25.73007712082262,6.45297384046996,2,28,136,180,19,22,163,43,0,181,0,0,0,229,0,378,10,0,3,8,58,294,24,69,294,24,37,39,40,38.263565891472865,2.7594004563345074,1,81,40,24,225,385,4,158,230,346,6,4,0,0,0,0,0,0,0,0,0,54,383,1,3,2,0,194,195,163,43,0,181,0,36,334,19,2885,3165,3475,3149.1362467866325,542.11805353289,0,0,0,4,342,9.49421965317919,0.8418207308667213,7,299
2015,MUNICIPIO,330390,3958,0,223,21,608,950,932,830,476,131,10,0,3937,21,27,32,27.028044466902475,6.83581019351861,8,182,1175,1802,234,541,2059,547,6,1336,2,0,0,2234,0,3865,93,2,30,48,382,3466,28,461,3466,28,38,39,40,38.263716814159295,2.251282069557285,9,920,188,197,2633,131,3827,1424,2534,3603,349,2,0,0,0,0,0,0,0,0,0,374,3920,26,8,4,0,2068,1889,2059,547,6,1337,2,446,3375,136,2820,3145,3435,3089.855951478393,577.6900568581794,0,0,0,48,3880,9.17540733197556,0.8118275710773842,63,3887
2015,MUNICIPIO,330395,292,0,19,2,43,56,84,70,30,6,1,0,290,22,27,31,27.027397260273972,6.381831175100441,1,9,58,159,13,46,113,41,0,94,0,0,0,175,0,285,5,0,2,7,41,223,12,50,223,12,37,38,40,38.08771929824562,2.5789007222096765,2,44,13,13,208,143,149,63,228,279,8,0,0,0,0,0,0,0,0,0,0,43,291,1,0,0,0,138,152,113,41,0,94,0,37,242,13,2798.75,3155,3420,3085.0068493150684,574.9168593300506,0,0,0,2,287,9.633217993079585,0.7049455930208866,4,270
2015,MUNICIPIO,330400,344,0,13,2,58,82,81,79,33,7,2,0,342,21,26,32,26.613372093023255,6.6870002444523955,1,14,88,200,10,29,166,56,2,116,0,0,0,190,0,340,4,0,1,4,28,300,9,33,300,9,38,39,40,38.67836257309941,2.028116068911331,1,55,6,8,268,40,304,156,188,333,9,2,0,0,0,0,0,0,0,0,0,28,343,0,0,1,0,169,175,166,56,2,116,0,31,300,13,2882.5,3177.5,3476.25,3164.982558139535,508.00902145104925,0,0,0,1,343,9.616279069767442,0.6464724581095284,6,338
2015,MUNICIPIO,330410,214,0,6,1,31,62,58,38,22,2,0,0,213,22,25,30,26.065420560747665,6.135054404428943,1,12,59,105,6,30,76,46,0,87,2,0,0,140,0,211,3,0,3,2,17,183,6,22,183,6,38,39,39,38.22748815165877,2.241471209804569,0,30,4,8,164,132,82,22,192,202,11,0,0,0,0,0,0,0,0,0,0,19,212,0,0,2,0,114,100,76,46,0,87,2,20,187,7,2911.25,3205,3463.75,3147.967289719626,542.3644581808289,0,0,0,3,209,9.278301886792454,0.9453808597828796,2,211
2015,MUNICIPIO,330411,308,0,25,2,46,84,89,52,28,6,1,0,306,21.75,26,30,26.38961038961039,6.353138379920541,1,15,69,171,14,36,143,37,0,122,0,0,0,178,0,299,9,0,2,10,46,232,16,58,232,16,37,38,40,38.09477124183007,2.845906830028531,2,36,7,17,231,150,158,53,254,297,8,0,0,0,0,0,0,0,0,0,0,47,306,2,0,0,0,156,152,143,37,0,122,0,26,265,17,2938.75,3240,3551.25,3208.0714285714284,538.3320797668441,0,0,0,3,305,9.36038961038961,0.8749067018603232,1,307
2015,MUNICIPIO,330412,188,0,11,1,28,47,48,30,28,6,0,0,187,22,26,32,26.95744680851064,6.722004560993034,0,7,54,89,8,25,82,27,0,74,0,0,0,106,0,186,2,0,0,2,24,152,8,26,150,8,38,39,39.25,38.32608695652174,2.2206615252855584,0,35,4,9,120,185,3,48,140,173,11,0,0,0,0,0,0,0,0,0,0,23,186,0,1,1,0,93,95,82,28,0,76,0,20,162,6,2930,3177.5,3501.25,3163.898936170213,504.45295769073095,0,0,0,2,185,9.315508021390375,0.8810582186284461,0,188
2015,MUNICIPIO,330414,2406,0,128,16,515,671,575,356,223,43,7,0,2390,20,25,30,25.33125519534497,6.639733907741897,6,113,729,1359,80,108,331,288,7,1760,2,0,0,1492,0,2364,38,1,12,23,223,2068,37,259,2068,37,38,39,40,38.44543147208122,2.1497040570167623,18,714,175,210,1226,2389,17,1199,1204,2346,43,1,0,0,0,0,0,0,0,0,0,230,2382,0,11,13,0,1199,1206,331,288,7,1760,2,220,2049,137,2870,3200,3528,3173.040731504572,565.3307989748733,0,0,0,26,2327,9.124521886952826,0.8336347466267903,12,2386
2015,MUNICIPIO,330415,410,0,10,7,107,109,90,61,28,8,0,0,403,19,23,29,24.558536585365854,6.582018760100578,2,17,115,223,24,27,64,69,0,243,0,0,0,231,0,408,2,0,1,4,35,362,1,40,362,1,38,39,40,38.45161290322581,1.9571316530818217,1,57,11,10,288,78,332,121,289,354,45,1,0,0,0,0,0,0,0,0,0,34,409,0,1,0,0,203,207,64,69,0,243,0,33,362,15,2900,3200,3500,3177.7512195121953,559.2783085955523,0,0,0,6,376,9.167539267015707,0.940873396264283,4,389
2015,MUNICIPIO,330420,1812,0,111,7,301,436,423,391,210,43,0,1,1804,21,26,32,26.634657836644593,6.692098057796388,3,33,394,932,131,311,1033,176,0,593,0,0,0,1002,0,1759,53,0,9,23,248,1485,42,280,1485,42,37,38,39,38.0852241283896,2.204002636429618,1,326,92,82,1263,33,1779,360,1452,1734,74,1,0,0,0,0,0,0,0,0,0,224,1807,3,2,0,0,872,940,1033,176,0,593,0,166,1563,83,2868.75,3170,3505,3147.455849889625,557.09358260847,0,0,0,18,1791,9.112769485903815,1.0024844758788585,4,1806
2015,MUNICIPIO,330430,782,0,35,5,127,176,196,177,80,21,0,0,777,21,26,31,26.60613810741688,6.548224587317293,2,28,223,391,34,100,269,110,2,383,0,0,0,429,0,770,11,0,0,4,76,663,23,80,663,23,38,39,40,38.588772845953,1.8791819408014336,3,118,45,64,533,238,544,156,624,762,15,1,0,0,0,0,0,0,0,0,0,70,782,0,0,0,0,412,370,269,110,2,383,0,53,673,56,2971.25,3280,3598.75,3268.253196930946,528.6079002906499,0,0,0,5,767,9.490932642487047,0.7282839917433199,8,765
2015,MUNICIPIO,330440,213,0,4,1,37,63,51,35,20,6,0,0,212,20,25,30,25.812206572769952,6.63768837024778,0,21,55,115,1,17,134,19,0,53,0,0,0,111,0,213,0,0,2,1,11,192,3,14,192,3,38,39,39,38.45933014354067,2.0214050547302294,1,42,9,10,142,94,119,70,143,206,6,0,0,0,0,0,0,0,0,0,0,12,213,0,0,0,0,100,113,134,19,0,53,0,13,185,15,2900,3240,3530,3205.845070422535,600.4968143102934,0,0,0,7,204,9.388625592417062,1.0377005289209704,1,212
2015,MUNICIPIO,330450,108,0,4,0,17,32,26,19,11,3,0,0,108,21,25,31,25.99074074074074,6.4713536557480715,0,5,27,67,1,8,35,29,0,43,0,0,0,73,0,108,0,0,1,1,6,96,2,8,96,2,38,39,40,38.56603773584906,2.1426235272475713,0,19,3,5,73,107,1,38,69,100,7,0,0,0,0,0,0,0,0,0,0,6,107,0,1,0,0,55,53,35,29,0,43,0,9,95,4,2971.25,3310,3520,3209.8796296296296,598.3869394470405,0,0,0,4,103,9.16822429906542,1.1934252378225918,1,106
2015,MUNICIPIO,330452,2388,0,20,24,341,532,606,555,272,58,0,0,2364,22,27,32,26.8785594639866,6.539262434069474,3,66,540,1212,122,401,1065,171,9,1101,0,0,0,1387,0,2342,44,0,5,16,82,857,7,103,857,7,38,38,39,37.952430196483974,1.9368422650455919,5,332,117,106,922,829,1559,679,1709,2176,43,2,0,0,0,0,0,0,0,0,0,73,2216,168,2,2,0,1214,1174,1065,171,9,1101,0,187,2077,123,2880,3210,3520,3189.370758273984,539.1364866603843,0,0,0,24,2344,9.25633445945946,0.8398113190400028,9,774
2015,MUNICIPIO,330455,90694,0,4188,645,13202,20216,20475,20539,12394,3034,173,15,90033,22,27,33,27.349133891259523,6.908208060106445,85,2422,20532,43458,5228,17424,33205,8036,290,47553,44,0,0,51913,0,88528,2135,31,518,977,8950,77400,2526,10476,77400,2526,38,39,40,38.42502378265968,2.2699390819070304,733,16601,3944,4731,59542,4623,86071,39797,50881,84830,3388,301,0,0,0,0,0,0,0,0,0,8348,89948,229,384,132,0,46295,44388,33205,8036,290,47553,44,8431,77579,4683,2890,3210,3520,3172.913918383999,571.5795368145526,0,0,0,1006,88957,9.158787501528407,0.8040680492686703,726,88582
2015,MUNICIPIO,330460,80,0,4,0,13,20,20,16,9,2,0,0,80,21,26,33,26.55,6.821225250939206,0,9,27,32,4,7,30,18,1,27,0,0,0,56,0,78,0,0,0,1,8,66,1,9,66,1,38,39,39,38.30263157894737,1.9254072250971066,0,17,7,6,43,38,42,27,53,75,1,2,0,0,0,0,0,0,0,0,0,7,79,1,0,0,0,34,46,30,18,1,27,0,6,73,1,2950,3150,3410,3135.85,453.9654562222086,0,0,0,0,78,9.512820512820513,0.6594682971139969,1,73
2015,MUNICIPIO,330470,456,0,25,5,53,135,126,84,40,12,0,1,450,21,26,31,26.44956140350877,6.36937037140167,0,21,107,257,19,51,257,83,1,102,0,0,0,279,0,447,8,0,1,2,48,369,26,51,369,26,38,39,40,38.48654708520179,2.149167219175895,0,69,36,42,302,39,417,18,437,445,4,1,0,0,0,0,0,0,0,0,0,47,450,6,0,0,0,229,227,257,83,1,102,0,33,401,22,2955,3247.5,3520,3205.75,530.9688376857973,0,0,0,3,449,9.765486725663717,0.7220652704654301,0,451
2015,MUNICIPIO,330475,557,0,4,7,112,156,131,90,43,18,0,0,550,20,25,30,25.450628366247756,6.636216889497035,2,50,216,233,12,34,168,17,0,211,1,0,0,316,0,540,14,0,3,9,49,399,19,61,399,19,38,39,40,38.48016701461378,2.4857592673522673,5,85,25,35,297,536,21,228,328,242,21,2,0,0,0,0,0,0,0,0,0,37,556,0,1,0,0,282,275,168,17,0,211,1,43,480,34,2940,3270,3580,3229.9856373429084,563.4010255765259,0,0,0,3,263,8.921052631578947,0.6986296702025961,3,521
2015,MUNICIPIO,330480,460,0,10,4,65,123,103,108,46,11,0,0,456,21,26,32,26.656521739130437,6.503850114102871,2,30,123,214,22,49,248,60,0,92,1,0,0,266,0,445,14,0,1,3,37,395,9,41,395,9,38,39,39,38.433707865168536,1.8191265984344502,4,95,52,63,211,162,298,50,408,396,14,0,0,0,0,0,0,0,0,0,0,27,460,0,0,0,0,237,223,248,60,0,92,1,33,402,25,3000,3287.5,3580,3256.195652173913,533.4210352549991,0,0,0,3,417,9.066666666666666,0.8463502061439675,3,446
2015,MUNICIPIO,330490,12388,0,408,99,2013,3218,3035,2417,1306,275,21,4,12285,21,26,31,26.345657087504037,6.595253438196869,15,385,2923,7006,684,1336,4443,541,7,7205,10,0,0,7014,0,12134,251,2,53,115,803,11270,62,973,11270,62,38,39,39,38.48980089394555,1.849396494456655,46,2328,702,1156,7873,4858,7530,3240,9147,12129,209,6,0,0,0,0,0,0,0,0,0,802,12357,11,15,5,0,6263,6122,4443,541,7,7205,10,1101,10749,538,2873.75,3180,3480,3150.3670487568615,552.0391544664592,0,0,0,136,12219,9.186564144071227,0.8606563134839378,70,12281
2015,MUNICIPIO,330500,567,0,8,5,101,148,150,95,53,14,1,0,562,21,25,30,25.91005291005291,6.577670318356155,1,41,203,248,24,45,218,20,0,174,0,0,0,329,0,559,7,0,4,4,46,389,14,54,389,14,38,38,39,38.25382932166302,2.248077052887045,2,103,19,22,289,372,195,147,419,359,38,0,0,0,0,0,0,0,0,0,0,31,565,1,1,0,0,267,300,218,20,0,174,0,35,507,25,2922.5,3210,3500,3190.6596119929454,522.0234268078827,0,0,0,2,335,9.014836795252226,0.6430160888709099,2,490
2015,MUNICIPIO,330510,7009,0,291,56,1297,1894,1620,1252,713,166,10,1,6952,21,25,31,25.975174775288913,6.691460179067004,8,208,1820,4130,303,494,1303,683,14,4945,1,0,0,4235,0,6861,144,1,45,75,559,6202,83,680,6202,83,38,39,39,38.376166547020816,2.125257819505427,134,1977,618,682,3413,3536,3473,3111,3891,6727,202,13,0,0,0,0,0,0,0,0,0,556,6980,5,17,7,0,3534,3475,1303,683,14,4945,1,696,5990,323,2860,3190,3500,3144.767441860465,582.3392730676333,0,0,0,91,6863,9.049036525740581,0.8249906662584474,51,6917
2015,MUNICIPIO,330513,115,0,3,1,14,40,30,20,8,2,0,0,114,21,25,30,25.556521739130435,6.010504407632723,0,1,31,70,2,11,27,14,0,74,0,0,0,57,0,111,4,0,0,2,8,105,0,10,105,0,38,39,39,38.12173913043478,1.6761894236576287,0,11,6,10,87,115,0,1,114,112,3,0,0,0,0,0,0,0,0,0,0,6,115,0,0,0,0,55,60,27,14,0,74,0,11,101,3,2814,3110,3325,3071.7652173913043,502.865740695787,0,0,0,0,115,9.73913043478261,0.5633072223016298,0,115
2015,MUNICIPIO,330515,238,0,15,0,40,68,62,36,27,5,0,0,238,21,25,31,26.08823529411765,6.481114094864231,2,11,99,80,3,28,162,23,0,51,0,0,0,133,0,229,8,0,1,4,27,190,12,32,190,12,38,38,39,38.256410256410255,2.3037712919756737,0,39,9,8,169,143,95,66,172,200,9,1,0,0,0,0,0,0,0,0,0,28,172,66,0,0,0,121,117,162,23,0,51,0,30,203,5,2731.25,3072.5,3373.75,3025.109243697479,546.0853133440402,0,0,0,2,236,9.546218487394958,0.74344277440358,2,231
2015,MUNICIPIO,330520,1327,0,62,14,222,340,330,260,131,29,1,0,1313,21,26,31,26.237377543330823,6.559866210620834,1,52,347,705,74,134,640,132,4,540,0,0,0,779,0,1299,27,0,6,12,176,1051,59,194,1051,59,37,39,40,38.394171779141104,2.361659033123711,6,277,72,149,771,304,1023,371,953,1282,31,0,0,0,0,0,0,0,0,0,0,168,1322,0,4,1,0,675,652,640,132,4,540,0,99,1133,95,2950,3250,3600,3239.143933685004,563.752744110578,0,0,0,12,893,9.19889502762431,0.8661524211266042,10,1310
2015,MUNICIPIO,330530,111,0,2,0,14,36,30,16,13,2,0,0,111,22.5,25,30,26.333333333333332,6.062302792793771,0,8,33,53,4,9,51,32,0,27,0,0,0,69,0,107,4,1,0,2,11,88,2,14,88,2,37,38,39,37.91346153846154,2.607348006993756,0,28,7,7,59,31,80,12,99,100,6,0,0,0,0,0,0,0,0,0,0,12,111,0,0,0,0,62,49,51,32,0,27,0,10,100,1,2855,3210,3415,3115.765765765766,492.44021242924794,0,0,0,3,108,9.558558558558559,1.3189850415078783,0,101
2015,MUNICIPIO,330540,191,0,9,1,40,50,49,34,16,1,0,0,190,20,25,30,25.18324607329843,6.270476514854335,1,13,63,83,9,20,105,27,0,58,0,0,0,99,0,184,6,0,2,4,19,165,1,25,165,1,38,39,39,38.12041884816754,2.5815441793544163,2,36,22,27,99,191,0,82,109,187,4,0,0,0,0,0,0,0,0,0,0,21,184,6,1,0,0,105,86,105,27,0,58,0,19,167,5,2807.5,3110,3460,3072.0994764397906,583.4753912185322,0,0,0,2,187,9.587301587301587,0.994157196273166,3,187
2015,MUNICIPIO,330550,1233,0,81,7,216,340,301,218,127,24,0,0,1226,21,25,31,25.94728304947283,6.541176606288476,3,85,364,592,84,94,469,156,9,542,1,0,0,777,0,1205,27,0,7,29,141,935,91,177,935,91,38,39,40,38.619285120532005,2.695536549962316,6,310,145,165,487,220,1013,622,610,1175,44,3,0,0,0,0,0,0,0,0,0,153,1232,0,1,0,0,639,594,469,156,9,542,1,106,1029,98,2934,3240,3582,3221.022708840227,606.4128221331788,0,0,0,16,1155,9.390264730999146,0.873468876706862,19,1201
2015,MUNICIPIO,330555,1149,0,61,9,217,294,309,182,112,25,1,0,1140,20,25,30,25.779808529155787,6.5403659205320315,1,38,290,700,40,76,297,45,3,796,2,0,0,682,0,1136,12,1,8,11,97,962,52,117,962,52,38,39,40,38.53580901856764,2.389745744010425,5,282,79,97,605,543,606,469,678,1116,26,1,0,0,0,0,0,0,0,0,0,105,1144,1,3,1,0,591,558,297,45,3,796,2,82,996,71,2926,3204,3545,3199.732811140122,558.5533883230504,0,0,0,14,1127,9.101665205959684,0.8155327803864195,4,1140
2015,MUNICIPIO,330560,299,0,14,3,54,71,77,53,37,2,2,0,296,20,26,31,26.05016722408027,6.753633745169231,3,23,82,157,8,24,83,37,1,171,0,0,0,185,0,290,8,0,1,4,30,240,16,35,240,16,38,39,40,38.58762886597938,2.365350060786021,1,58,24,25,182,294,5,90,209,289,7,1,0,0,0,0,0,0,0,0,0,27,296,2,1,0,0,166,133,83,37,1,171,0,24,253,22,2862.5,3255,3632.5,3228.438127090301,576.1430995498397,0,0,0,7,284,9.219931271477662,1.1625245991100421,3,286
2015,MUNICIPIO,330570,216,0,4,1,30,57,56,44,24,4,0,0,215,22,26,31.25,26.64814814814815,6.226447439550496,2,42,82,64,3,15,136,23,2,47,0,0,0,135,0,214,2,0,1,1,17,189,2,19,189,2,38,39,39,38.50476190476191,1.925024374536839,0,18,17,11,160,58,158,22,194,158,8,10,0,0,0,0,0,0,0,0,0,11,215,1,0,0,0,118,98,136,23,2,47,0,16,185,15,2883.75,3205,3561.25,3210.125,558.151282422398,0,0,0,4,195,9.582914572864322,1.0159881231602663,3,210
2015,MUNICIPIO,330575,504,0,18,10,98,154,118,70,44,9,1,0,494,20,24,29,25.103174603174605,6.551923657946002,2,36,187,240,9,27,125,66,1,308,0,0,0,290,0,492,12,0,1,5,34,435,23,40,435,23,38,39,40,38.785140562249,1.9929503725496933,2,85,28,48,335,502,2,139,364,493,6,1,0,0,0,0,0,0,0,0,0,33,501,2,0,1,0,260,244,125,66,1,308,0,38,432,34,2946.25,3280,3565,3247.0496031746034,526.4622800599165,0,0,0,7,493,9.244,1.0557904085440193,5,496
2015,MUNICIPIO,330580,2359,0,68,16,397,548,586,479,263,65,5,0,2343,21,26,32,26.571428571428573,6.773749232316223,6,128,708,1005,89,320,1437,258,3,627,1,0,0,1344,0,2322,37,0,9,18,161,2149,14,188,2149,14,38,39,40,38.50148872820077,1.8445716552240174,1,264,248,236,1471,140,2219,897,1461,2250,58,5,0,0,0,0,0,0,0,0,0,150,2345,3,7,4,0,1225,1134,1437,258,3,627,1,208,2082,68,2835,3140,3440,3115.3481764206954,522.8555269445806,0,0,0,23,2327,9.349787234042553,0.8013597675584367,13,2338
2015,MUNICIPIO,330590,123,0,2,2,18,24,40,23,14,2,0,0,121,22,27,31,26.650406504065042,6.3890066184896765,0,8,40,64,3,7,53,20,0,47,0,0,0,85,0,118,3,0,0,2,14,99,0,16,99,0,38,39,39,38.10434782608696,2.010384937581359,0,31,10,20,57,65,58,12,111,108,1,0,0,0,0,0,0,0,0,0,0,8,122,0,1,0,0,59,64,53,20,0,47,0,13,99,11,2840,3120,3525,3186.6991869918697,569.2204035224131,0,0,0,2,120,9.418032786885245,0.9520761475069487,0,115
2015,MUNICIPIO,330600,1221,0,66,11,206,317,291,238,130,25,3,0,1210,21,26,31,26.184275184275183,6.645443285584225,3,47,381,609,51,126,477,206,0,534,0,0,0,732,0,1183,32,0,6,12,120,1041,38,138,1041,38,38,39,40,38.46507806080526,2.1503453321165527,22,228,110,121,719,126,1095,618,599,1166,43,2,0,0,0,0,0,0,0,0,0,111,1177,36,6,2,0,634,587,477,206,0,534,0,112,1035,74,2880,3200,3505,3168.7682227682226,581.2793319988696,0,0,0,13,1201,9.63673805601318,0.9526296674723957,4,1207
2015,MUNICIPIO,330610,894,0,50,3,157,242,208,186,82,14,1,1,890,21,25,31,26.007829977628635,6.561360406265948,0,40,204,498,44,100,337,187,1,360,0,0,0,521,0,859,33,1,2,12,92,768,12,107,768,12,38,39,39,38.298759864712515,2.1273847688383287,5,198,43,60,543,85,809,300,592,827,60,3,0,0,0,0,0,0,0,0,0,90,886,3,5,0,0,458,436,337,187,1,360,0,92,771,31,2870,3180,3465,3125.665548098434,548.9425373326978,0,0,0,14,876,9.233707865168538,0.9647258794848116,7,885
2015,MUNICIPIO,330615,143,0,6,2,21,40,36,31,11,2,0,0,141,22,25,31,25.937062937062937,6.209053797430919,0,17,31,53,3,15,89,17,0,36,0,0,0,91,0,139,4,0,2,1,10,128,2,13,128,2,38,38,39,38.01398601398601,1.9964264341180387,0,27,2,2,109,53,90,8,135,137,6,0,0,0,0,0,0,0,0,0,0,11,143,0,0,0,0,86,57,89,17,0,36,0,7,135,1,2877.5,3065,3320,3060.5524475524476,454.2446241486089,0,0,0,2,141,9.272727272727273,1.1081123283035363,0,143
2015,MUNICIPIO,330620,513,0,42,6,89,130,127,103,48,9,1,0,507,21,26,31,25.966861598440545,6.553928427020753,3,19,128,285,21,54,191,114,1,205,0,0,0,276,0,508,5,0,2,8,66,430,6,76,430,6,37,38,39,38.0390625,2.200879894314465,1,106,20,20,307,15,498,130,383,499,13,0,0,0,0,0,0,0,0,0,0,73,510,1,2,0,0,251,262,191,114,1,205,0,53,444,16,2820,3100,3440,3090.497076023392,522.7974598957659,0,0,0,6,506,9.4921875,0.893517368421696,3,508
2015,MUNICIPIO,330630,3439,0,252,13,476,752,845,832,439,79,3,0,3426,22,27,32,27.337016574585636,6.5421263839545665,1,68,774,1754,141,685,1730,398,15,1105,0,0,0,1943,0,3362,69,2,19,46,498,2545,111,565,2545,111,37,38,39,38.101521266687364,2.5068726989033996,11,680,118,169,2298,108,3331,911,2524,3173,122,57,0,0,0,0,0,0,0,0,0,468,3434,0,4,1,0,1774,1665,1730,398,15,1105,0,354,2916,169,2835,3150,3485,3126.4777551613843,564.4281821356099,0,0,0,27,3408,9.57292576419214,0.7975797139702266,19,3419
